﻿<?xml version="1.0" encoding="utf-8"?>
<deployment>
  <id>e69d0aea8434f7751cb2f71db0fd95c5ca183ddf</id>
  <author>박재성</author>
  <deployer>GitHub</deployer>
  <authorEmail>jspark141515@gmail.com</authorEmail>
  <message>removed mobirise link
</message>
  <progress></progress>
  <status>Success</status>
  <statusText></statusText>
  <lastSuccessEndTime>2016-06-10T11:57:01.8942109Z</lastSuccessEndTime>
  <receivedTime>2016-06-10T11:56:25.7529381Z</receivedTime>
  <startTime>2016-06-10T11:56:25.8779406Z</startTime>
  <endTime>2016-06-10T11:57:01.8942109Z</endTime>
  <complete>True</complete>
  <is_temp>False</is_temp>
  <is_readonly>False</is_readonly>
</deployment>