<step title="BackgroundTrace" date="2016-06-10T11:56:03.590" instance="222d3e" url="/deploy" method="POST" >
  <step title="Performing fetch based deployment" date="2016-06-10T11:56:03.731" >
    <step title="Creating temporary deployment" date="2016-06-10T11:56:03.778" /><!-- duration: 31ms -->
    <step title="LibGit2SharpRepository Fetch" date="2016-06-10T11:56:04.563" /><!-- duration: 2905ms -->
    <step title="LibGit2SharpRepository Update" date="2016-06-10T11:56:07.469" /><!-- duration: 18186ms -->
    <step title="DeploymentManager.Deploy(id)" date="2016-06-10T11:56:25.721" >
      <step title="Collecting changeset information" date="2016-06-10T11:56:25.737" /><!-- duration: 31ms -->
      <step title="Updating submodules" date="2016-06-10T11:56:25.768" /><!-- duration: 47ms -->
      <step title="Determining deployment builder" date="2016-06-10T11:56:25.893" >
        <step title="Builder is NodeSiteBuilder" date="2016-06-10T11:56:26.034" /><!-- duration: 16ms -->
      </step><!-- duration: 156ms -->
      <step title="Copying SSH keys" date="2016-06-10T11:56:26.065" /><!-- duration: 16ms -->
      <step title="Building" date="2016-06-10T11:56:26.081" >
        <step title="Generating deployment script" date="2016-06-10T11:56:26.127" >
          <step title="Using cached version of the deployment script for command: -y --no-dot-deployment -r &quot;D:\home\site\repository&quot; -o &quot;D:\home\site\deployments\tools&quot; --node --sitePath &quot;D:\home\site\repository&quot;" date="2016-06-10T11:56:26.159" /><!-- duration: 0ms -->
        </step><!-- duration: 31ms -->
        <step title="Executing external process" date="2016-06-10T11:56:26.237" type="process" path="starter.cmd" arguments="&quot;D:\home\site\deployments\tools\deploy.cmd&quot;" /><!-- duration: 35532ms -->
        <step title="AutoSwap is not enabled" date="2016-06-10T11:57:01.831" /><!-- duration: 0ms -->
        <step title="FunctionManager.SyncTriggers" date="2016-06-10T11:57:01.847" >
          <step title="This is not a function-enabled site!" date="2016-06-10T11:57:01.847" /><!-- duration: 0ms -->
        </step><!-- duration: 0ms -->
      </step><!-- duration: 36064ms -->
    </step><!-- duration: 36440ms -->
    <step title="Cleaning up temp files" date="2016-06-10T11:57:02.162" /><!-- duration: 0ms -->
    <step title="WebHooksManager.PublishEventAsync: PostDeployment" date="2016-06-10T11:57:02.193" /><!-- duration: 94ms -->
  </step><!-- duration: 58743ms -->
</step><!-- duration: 58884ms -->
