<step title="Incoming Request" date="2016-06-09T12:37:34.140" instance="222d3e" url="/api/deployments/latest?deployer=GitHub&amp;time=2016-06-09_12-37-23Z" method="GET" type="request" pid="9276,2,11" Connection="Keep-Alive" Host="sendumain.scm.azurewebsites.net" User-Agent="Azure-WebSites-Controller/55.0.8598.26" x-ms-request-id="83db61dc-8e40-4d47-874d-e604e8caefe9" X-SITE-DEPLOYMENT-ID="SendUMain" >
  <step title="Cleanup Xml Logs" date="2016-06-09T12:37:34.140" /><!-- duration: 0ms -->
  <step title="DeploymentService.GetResult" date="2016-06-09T12:37:34.153" >
    <step title="DeploymentService.GetLatestDeployment" date="2016-06-09T12:37:34.153" >
      <step title="DeploymentManager.GetResults" date="2016-06-09T12:37:34.153" /><!-- duration: 31ms -->
      <step title="Could not find latest deployment!" date="2016-06-09T12:37:34.184" /><!-- duration: 16ms -->
    </step><!-- duration: 47ms -->
  </step><!-- duration: 78ms -->
  <step title="Outgoing response" date="2016-06-09T12:37:34.247" type="response" statusCode="404" statusText="Not Found" Server="Microsoft-IIS/8.0" x-ms-request-id="83db61dc-8e40-4d47-874d-e604e8caefe9" Cache-Control="private" X-AspNet-Version="4.0.30319" Content-Type="application/json; charset=utf-8" /><!-- duration: 0ms -->
</step><!-- duration: 122ms -->
