<step title="BackgroundTrace" date="2016-06-10T13:14:02.506" instance="222d3e" url="/deploy" method="POST" >
  <step title="Performing fetch based deployment" date="2016-06-10T13:14:02.662" >
    <step title="Creating temporary deployment" date="2016-06-10T13:14:02.709" /><!-- duration: 31ms -->
    <step title="LibGit2SharpRepository Fetch" date="2016-06-10T13:14:02.990" /><!-- duration: 2963ms -->
    <step title="LibGit2SharpRepository Update" date="2016-06-10T13:14:05.954" /><!-- duration: 8027ms -->
    <step title="DeploymentManager.Deploy(id)" date="2016-06-10T13:14:14.027" >
      <step title="Collecting changeset information" date="2016-06-10T13:14:14.043" /><!-- duration: 32ms -->
      <step title="Updating submodules" date="2016-06-10T13:14:14.090" /><!-- duration: 31ms -->
      <step title="Determining deployment builder" date="2016-06-10T13:14:14.199" >
        <step title="Builder is NodeSiteBuilder" date="2016-06-10T13:14:14.371" /><!-- duration: 0ms -->
      </step><!-- duration: 172ms -->
      <step title="Copying SSH keys" date="2016-06-10T13:14:14.387" /><!-- duration: 16ms -->
      <step title="Building" date="2016-06-10T13:14:14.402" >
        <step title="Generating deployment script" date="2016-06-10T13:14:14.449" >
          <step title="Using cached version of the deployment script for command: -y --no-dot-deployment -r &quot;D:\home\site\repository&quot; -o &quot;D:\home\site\deployments\tools&quot; --node --sitePath &quot;D:\home\site\repository&quot;" date="2016-06-10T13:14:14.465" /><!-- duration: 16ms -->
        </step><!-- duration: 31ms -->
        <step title="Executing external process" date="2016-06-10T13:14:14.543" type="process" path="starter.cmd" arguments="&quot;D:\home\site\deployments\tools\deploy.cmd&quot;" /><!-- duration: 25585ms -->
        <step title="AutoSwap is not enabled" date="2016-06-10T13:14:40.194" /><!-- duration: 0ms -->
        <step title="FunctionManager.SyncTriggers" date="2016-06-10T13:14:40.194" >
          <step title="This is not a function-enabled site!" date="2016-06-10T13:14:40.206" /><!-- duration: 0ms -->
        </step><!-- duration: 12ms -->
      </step><!-- duration: 25962ms -->
    </step><!-- duration: 26337ms -->
    <step title="Cleaning up temp files" date="2016-06-10T13:14:40.364" /><!-- duration: 0ms -->
    <step title="WebHooksManager.PublishEventAsync: PostDeployment" date="2016-06-10T13:14:40.380" /><!-- duration: 63ms -->
  </step><!-- duration: 37796ms -->
</step><!-- duration: 37968ms -->
